{
    "robot_root_name": "Body",
    "human_root_name": "pelvis",
    "ground_height": 0.0,
    "human_height_assumption": 1.8,
    "use_ik_match_table1": true,
    "use_ik_match_table2": true,
    "human_scale_table": {
        "pelvis": 0.96,
        "spine3": 0.9,
        "left_hip": 1.15,
        "right_hip": 1.15,
        "left_knee": 1.09,
        "right_knee": 1.09,
        "left_foot": 0.96,
        "right_foot": 0.96,
        "left_shoulder": 0.8,
        "right_shoulder": 0.8,
        "left_elbow": 0.58,
        "right_elbow": 0.58,
        "left_wrist": 0.6,
        "right_wrist": 0.6
    },
    "ik_match_table1": {
        "Body": ["pelvis", 100, 10, [0.0, 0.0, 0.0], [0.5, -0.5, -0.5, -0.5]],
        "left_hip_roll": ["left_hip", 0, 10, [0.0, 0.0, 0.0], [0.4267755048530407, -0.5637931078484661, -0.5637931078484661, -0.4267755048530407]],
        "left_knee_pitch": ["left_knee", 0, 10, [0.0, 0.0, 0.0], [0.5, -0.5, -0.5, -0.5]],
        "left_ankle_roll": ["left_foot", 100, 10, [0.04, 0.0, -0.056], [0.5, -0.5, -0.5, -0.5]],
        "right_hip_roll": ["right_hip", 0, 10, [0.0, 0.0, 0.0], [0.4267755048530407, -0.5637931078484661, -0.5637931078484661, -0.4267755048530407]],
        "right_knee_pitch": ["right_knee", 0, 10, [0.0, 0.0, 0.0], [0.5, -0.5, -0.5, -0.5]],
        "right_ankle_roll": ["right_foot", 100, 10, [0.04, 0.0, -0.056], [0.5, -0.5, -0.5, -0.5]],
        "waist_yaw": ["spine3", 0, 10, [0.0, 0.0, 0.0], [0.5, -0.5, -0.5, -0.5]],
        "left_shoulder_yaw": ["left_shoulder", 0, 10, [0.0, 0.0, 0.0], [0.70710678, 0.0, -0.70710678, 0.0]],
        "left_elbow_pitch": ["left_elbow", 0, 10, [0.0, 0.0, 0.0], [-0.7071067811865475, 0.0, 0.7071067811865475, 0.0]],
        "left_wrist_yaw": ["left_wrist", 0, 10, [0.0, 0.0, 0.0], [-0.7071067811865475, 0.0, 0.7071067811865475, 0.0]],
        "right_shoulder_yaw": ["right_shoulder", 0, 10, [0.0, 0.0, 0.0], [0.0, 0.70710678, 0.0, 0.70710678]],
        "right_elbow_pitch": ["right_elbow", 0, 10, [0.0, 0.0, 0.0], [0.0, 0.7071067811865475, 0.0, 0.7071067811865475]],
        "right_wrist_yaw": ["right_wrist", 0, 10, [0.0, 0.0, 0.0], [0.0, 0.7071067811865475, 0.0, 0.7071067811865475]]
    },
    "ik_match_table2": {
        "Body": ["pelvis", 100, 5, [0.0, 0.0, 0.0], [0.5, -0.5, -0.5, -0.5]],
        "left_hip_roll": ["left_hip", 10, 5, [0.0, 0.0, 0.0], [0.4267755048530407, -0.5637931078484661, -0.5637931078484661, -0.4267755048530407]],
        "left_knee_pitch": ["left_knee", 10, 5, [0.0, 0.0, 0.0], [0.5, -0.5, -0.5, -0.5]],
        "left_ankle_roll": ["left_foot", 100, 50, [0.04, 0.0, -0.056], [0.5, -0.5, -0.5, -0.5]],
        "right_hip_roll": ["right_hip", 10, 5, [0.0, 0.0, 0.0], [0.4267755048530407, -0.5637931078484661, -0.5637931078484661, -0.4267755048530407]],
        "right_knee_pitch": ["right_knee", 10, 5, [0.0, 0.0, 0.0], [0.5, -0.5, -0.5, -0.5]],
        "right_ankle_roll": ["right_foot", 100, 50, [0.04, 0.0, -0.056], [0.5, -0.5, -0.5, -0.5]],
        "waist_yaw": ["spine3", 0, 10, [0.0, 0.0, 0.0], [0.5, -0.5, -0.5, -0.5]],
        "left_shoulder_yaw": ["left_shoulder", 10, 5, [0.0, 0.0, 0.0], [0.70710678, 0.0, -0.70710678, 0.0]],
        "left_elbow_pitch": ["left_elbow", 10, 5, [0.0, 0.0, 0.0], [1.0, 0.0, 0.0, 0.0]],
        "left_wrist_yaw": ["left_wrist", 10, 5, [0.0, 0.0, 0.0], [1.0, 0.0, 0.0, 0.0]],
        "right_shoulder_yaw": ["right_shoulder", 10, 5, [0.0, 0.0, 0.0], [0.0, 0.70710678, 0.0, 0.70710678]],
        "right_elbow_pitch": ["right_elbow", 10, 5, [0.0, 0.0, 0.0], [0.0, 0.0, 0.0, -1.0]],
        "right_wrist_yaw": ["right_wrist", 10, 5, [0.0, 0.0, 0.0], [0.0, 0.0, 0.0, -1.0]]
    }
}
