{
    "robot_root_name": "pelvis_link",
    "human_root_name": "pelvis",
    "ground_height": 0.0,
    "human_height_assumption": 1.8,
    "use_ik_match_table1": true,
    "use_ik_match_table2": true,
    "human_scale_table": {
        "pelvis": 0.95,
        "spine3": 0.9,
        "left_hip": 1.09,
        "right_hip": 1.09,
        "left_knee": 0.99,
        "right_knee": 0.99,
        "left_foot": 0.9,
        "right_foot": 0.9,
        "left_shoulder": 0.85,
        "right_shoulder": 0.85,
        "left_elbow": 0.71,
        "right_elbow": 0.71,
        "left_wrist": 0.49,
        "right_wrist": 0.49
    },
    "ik_match_table1": {
        "pelvis_link": ["pelvis", 100, 10, [0.0, 0.0, 0.0], [0.5, -0.5, -0.5, -0.5]],
        "L_hip_roll_link": ["left_hip", 0, 10, [0.0, 0.0, 0.0], [0.4267755048530407, -0.5637931078484661, -0.5637931078484661, -0.4267755048530407]],
        "L_knee_pitch_link": ["left_knee", 0, 10, [0.0, 0.0, 0.0], [0.5, -0.5, -0.5, -0.5]],
        "L_ankle_roll_link": ["left_foot", 100, 10, [0.04, 0.0, -0.04], [0.5, -0.5, -0.5, -0.5]],
        "R_hip_roll_link": ["right_hip", 0, 10, [0.0, 0.0, 0.0], [0.4267755048530407, -0.5637931078484661, -0.5637931078484661, -0.4267755048530407]],
        "R_knee_pitch_link": ["right_knee", 0, 10, [0.0, 0.0, 0.0], [0.5, -0.5, -0.5, -0.5]],
        "R_ankle_roll_link": ["right_foot", 100, 10, [0.04, 0.0, -0.04], [0.5, -0.5, -0.5, -0.5]],
        "Spine2_link": ["spine3", 0, 10, [0.0, 0.0, 0.0], [0.5, -0.5, -0.5, -0.5]],
        "L_shoulder_yaw_link": ["left_shoulder", 0, 10, [0.0, 0.0, 0.0], [0.70710678, 0.0, -0.70710678, 0.0]],
        "L_elbow_pitch_link": ["left_elbow", 0, 10, [0.0, 0.0, 0.0], [-0.7071067811865475, 0.0, 0.7071067811865475, 0.0]],
        "L_wrist_yaw_Link": ["left_wrist", 0, 10, [0.0, 0.0, 0.0], [-0.7071067811865475, 0.0, 0.7071067811865475, 0.0]],
        "R_shoulder_yaw_link": ["right_shoulder", 0, 10, [0.0, 0.0, 0.0], [0.0, 0.70710678, 0.0, 0.70710678]],
        "R_elbow_pitch_link": ["right_elbow", 0, 10, [0.0, 0.0, 0.0], [0.0, 0.7071067811865475, 0.0, 0.7071067811865475]],
        "R_wrist_yaw_Link": ["right_wrist", 0, 10, [0.0, 0.0, 0.0], [0.0, 0.7071067811865475, 0.0, 0.7071067811865475]]
    },
    "ik_match_table2": {
        "pelvis_link": ["pelvis", 100, 5, [0.0, 0.0, 0.0], [0.5, -0.5, -0.5, -0.5]],
        "L_hip_roll_link": ["left_hip", 10, 5, [0.0, 0.0, 0.0], [0.4267755048530407, -0.5637931078484661, -0.5637931078484661, -0.4267755048530407]],
        "L_knee_pitch_link": ["left_knee", 10, 5, [0.0, 0.0, 0.0], [0.5, -0.5, -0.5, -0.5]],
        "L_ankle_roll_link": ["left_foot", 100, 50, [0.04, 0.0, -0.04], [0.5, -0.5, -0.5, -0.5]],
        "R_hip_roll_link": ["right_hip", 10, 5, [0.0, 0.0, 0.0], [0.4267755048530407, -0.5637931078484661, -0.5637931078484661, -0.4267755048530407]],
        "R_knee_pitch_link": ["right_knee", 10, 5, [0.0, 0.0, 0.0], [0.5, -0.5, -0.5, -0.5]],
        "R_ankle_roll_link": ["right_foot", 100, 50, [0.04, 0.0, -0.04], [0.5, -0.5, -0.5, -0.5]],
        "Spine2_link": ["spine3", 0, 10, [0.0, 0.0, 0.0], [0.5, -0.5, -0.5, -0.5]],
        "L_shoulder_yaw_link": ["left_shoulder", 10, 5, [0.0, 0.0, 0.0], [0.70710678, 0.0, -0.70710678, 0.0]],
        "L_elbow_pitch_link": ["left_elbow", 10, 5, [0.0, 0.0, 0.0], [1.0, 0.0, 0.0, 0.0]],
        "L_wrist_yaw_Link": ["left_wrist", 10, 5, [0.0, 0.0, 0.0], [1.0, 0.0, 0.0, 0.0]],
        "R_shoulder_yaw_link": ["right_shoulder", 10, 5, [0.0, 0.0, 0.0], [0.0, 0.70710678, 0.0, 0.70710678]],
        "R_elbow_pitch_link": ["right_elbow", 10, 5, [0.0, 0.0, 0.0], [0.0, 0.0, 0.0, -1.0]],
        "R_wrist_yaw_Link": ["right_wrist", 10, 5, [0.0, 0.0, 0.0], [0.0, 0.0, 0.0, -1.0]]
    }
}
